NpcId,NpcName,ShopName,Items
17,NPCName.Merchant,Shop 1,8|Torch|50|;28|LesserHealingPotion|300|;35|IronAnvil|5000|;40|WoodenArrow|5|;42|Shuriken|15|;87|PiggyBank|10000|;88|MiningHelmet|40000|;110|LesserManaPotion|100|;965|Rope|10|;1786|Sickle|6000|;1991|BugNet|2500|;3506|CopperAxe|400|;3509|CopperPickaxe|500|
19,NPCName.ArmsDealer,Shop 2,95|FlintlockPistol|50000|;97|MusketBall|7|;98|Minishark|350000|
20,NPCName.Dryad,Shop 3,27|Acorn|10|;62|GrassSeeds|20|;63|Sunflower|5000|;66|PurificationPowder|75|!Main.remixWorld;114|DirtRod|50000|;745|GrassWall|10|;747|FlowerWall|10|;1828|PumpkinSeed|250|;4041|FlowerPacketBlue|500|;4042|FlowerPacketMagenta|500|;4043|FlowerPacketPink|500|;4044|FlowerPacketRed|500|;4045|FlowerPacketYellow|500|;4046|FlowerPacketViolet|500|;4047|FlowerPacketWhite|500|;4048|FlowerPacketTallGrass|500|;4241|FlowerPacketWild|500|;5309|DontHurtNatureBook|50000|
38,NPCName.Demolitionist,Shop 4,166|Bomb|300|;167|Dynamite|2000|;168|Grenade|75|
54,NPCName.Clothier,Shop 5,242|SummerHat|10000|Main.dayTime;245|PlumbersShirt|250000|Main.moonPhase == 0;246|PlumbersPants|250000|Main.moonPhase == 0;254|BlackThread|10000|;269|FamiliarShirt|10000|;270|FamiliarPants|10000|;271|FamiliarWig|10000|;981|PinkThread|10000|;5308|PlacePainting|10000|
107,NPCName.GoblinTinkerer,Shop 6,84|GrapplingHook|20000|;128|RocketBoots|50000|;161|SpikyBall|80|;398|TinkerersWorkshop|100000|;407|Toolbelt|100000|;486|Ruler|1000|
108,NPCName.Wizard,Shop 7,149|Book|1500|;487|CrystalBall|100000|;496|IceRod|500000|;500|GreaterManaPotion|500|;507|Bell|10000|;508|Harp|10000|;531|SpellTome|50000|;576|MusicBox|100000|;3186|EmptyDropper|100|
124,NPCName.Mechanic,Shop 8,509|Wrench|20000|;510|WireCutter|20000|;513|Lever|3000|;529|RedPressurePlate|5000|;530|Wire|500|;538|Switch|2000|;541|GreenPressurePlate|5000|;542|GrayPressurePlate|5000|;543|BrownPressurePlate|5000|;583|Timer1Second|10000|;584|Timer3Second|10000|;585|Timer5Second|10000|;849|Actuator|1000|;850|BlueWrench|20000|;851|GreenWrench|20000|;852|BluePressurePlate|5000|;853|YellowPressurePlate|5000|;1263|Teleporter|25000|;2739|BoosterTrack|5000|;2799|LaserRuler|10000|;3612|YellowWrench|20000|;3616|WirePipe|200|;3619|MechanicalLens|10000|;3627|EngineeringHelmet|10000|;3629|WireBulb|50000|;3707|ProjectilePressurePad|20000|;3725|PixelBox|200|;4261|OrangePressurePlate|5000|;4484|TimerOneHalfSecond|20000|;4485|TimerOneFourthSecond|20000|
142,NPCName.SantaClaus,Shop 9,588|SantaHat|150000|;589|SantaShirt|150000|;590|SantaPants|150000|;596|BlueLight|500|;597|RedLight|500|;598|GreenLight|500|;1873|ChristmasTree|2500|;1874|StarTopper1|500|;1875|StarTopper2|500|;1876|StarTopper3|500|;1877|BowTopper|500|;1878|WhiteGarland|500|;1879|WhiteAndRedGarland|500|;1880|RedGardland|500|;1881|RedAndGreenGardland|500|;1882|GreenGardland|500|;1883|GreenAndWhiteGarland|500|;1884|MulticoloredBulb|500|;1885|RedBulb|500|;1886|YellowBulb|500|;1887|GreenBulb|500|;1888|RedAndGreenBulb|500|;1889|YellowAndGreenBulb|500|;1890|RedAndYellowBulb|500|;1891|WhiteBulb|500|;1892|WhiteAndRedBulb|500|;1893|WhiteAndYellowBulb|500|;1894|WhiteAndGreenBulb|500|;1895|MulticoloredLights|500|;1896|RedLights|500|;1897|GreenLights|500|;1898|BlueLights|500|;1899|YellowLights|500|;1900|RedAndYellowLights|500|;1901|RedAndGreenLights|500|;1902|YellowAndGreenLights|500|;1903|BlueAndGreenLights|500|;1904|RedAndBlueLights|500|;1905|BlueAndYellowLights|500|
160,NPCName.Truffle,Shop 10,783|DarkBlueSolution|1500|!Main.remixWorld;868|MushroomCap|20000|;1181|StrangeGlowingMushroom|450000|;5231|MySon|10000|
178,NPCName.Steampunker,Shop 11,779|Clentaminator|2000000|!Main.remixWorld;780|GreenSolution|1500|!Main.remixWorld;839|SteampunkHat|15000|;840|SteampunkShirt|15000|;841|SteampunkPants|15000|;995|BlendOMatic|100000|Main.hardMode || !Main.getGoodWorld;2197|SkyMill|100000|(double)(player.position.Y / 16f) < Main.worldSurface * 0.3499999940395355;3602|LogicGateLamp_Off|1000|;3603|LogicGate_AND|20000|;3604|LogicGate_OR|20000|;3605|LogicGate_NAND|20000|;3606|LogicGate_NOR|20000|;3607|LogicGate_XOR|20000|;3608|LogicGate_NXOR|20000|;3609|ConveyorBeltLeft|500|;3610|ConveyorBeltRight|500|;3618|LogicGateLamp_On|1000|;3663|LogicGateLamp_Faulty|20000|;4142|LesionStation|100000|
207,NPCName.DyeTrader,Shop 12,1037|SilverDye|10000|;1120|DyeVat|50000|;2871|ShadowDye|37500|Main.moonPhase == 0;2872|NegativeDye|37500|Main.moonPhase == 0;2874|BrownDye|10000|
208,NPCName.PartyGirl,Shop 13,859|BeachBall|20|;1000|ConfettiGun|100|;1168|SmokeBomb|20|;1345|Confetti|200|;1449|BubbleMachine|40000|Main.dayTime;1450|BubbleWand|50000|;2700|FireworksBox|50000|;2738|FireworkFountain|30000|;3253|LavaLamp|20000|;3732|PartyHat|10000|;3742|SillyBalloonMachine|50000|;3747|PartyMonolith|200000|;4470|PartyMinecart|100000|;4553|PlasmaLamp|20000|;4681|KiteSpectrum|20000|;4791|PogoStick|250000|
209,NPCName.Cyborg,Shop 14,771|RocketI|50|
227,NPCName.Painter,Shop 15,1071|Paintbrush|10000|;1072|PaintRoller|10000|;1073|RedPaint|25|;1074|OrangePaint|25|;1075|YellowPaint|25|;1076|LimePaint|25|;1077|GreenPaint|25|;1078|TealPaint|25|;1079|CyanPaint|25|;1080|SkyBluePaint|25|;1081|BluePaint|25|;1082|PurplePaint|25|;1083|VioletPaint|25|;1084|PinkPaint|25|;1097|BlackPaint|25|;1098|WhitePaint|25|;1099|GrayPaint|25|;1100|PaintScraper|10000|;1966|BrownPaint|25|
228,NPCName.WitchDoctor,Shop 16,909|PureWaterFountain|40000|;910|DesertWaterFountain|40000|;940|JungleWaterFountain|40000|;941|IcyWaterFountain|40000|;942|CorruptWaterFountain|40000|;943|CrimsonWaterFountain|40000|;944|HallowedWaterFountain|40000|;945|BloodWaterFountain|40000|;986|Blowgun|50000|;1430|ImbuingStation|70000|;4417|OasisFountain|40000|;4922|CavernFountain|40000|
229,NPCName.Pirate,Shop 17,876|PirateHat|50000|;877|PirateShirt|50000|;878|PiratePants|50000|;928|Cannon|250000|;929|Cannonball|1500|;1180|ParrotCracker|3750000|(double)(Main.screenPosition.Y / 16f) < Main.worldSurface + 10.0 && (num6 < 380 || num6 > Main.maxTilesX - 380);2434|Sail|50|
353,NPCName.Stylist,Shop 18,1979|DepthHairDye|50000|;1981|TimeHairDye|50000|(Main.moonPhase % 2 == 0 && Main.dayTime) || (Main.moonPhase % 2 == 1 && !Main.dayTime);1990|HairDyeRemover|20000|;5104|WilsonBeardShort|50000|
368,NPCName.TravellingMerchant,Shop 19,
453,NPCName.SkeletonMerchant,Shop 20,166|Bomb|300|;284|WoodenBoomerang|10000|Main.moonPhase == 0;965|Rope|10|;3001|StrangeBrew|500|Main.moonPhase % 2 == 0;3002|SpelunkerGlowstick|150|!Main.dayTime || Main.moonPhase == 0;3003|BoneArrow|15|Main.moonPhase == 0 || Main.moonPhase == 1 || Main.moonPhase == 4 || Main.moonPhase == 5;3004|BoneTorch|100|Main.time % 60.0 * 60.0 * 6.0 <= 10800.0;3310|BlueCounterweight|50000|Main.moonPhase % 4 == 0
550,NPCName.DD2Bartender,Shop 21,353|Ale|100|;3813|DefendersForge|50|;3816|DD2ElderCrystalStand|10000|;3818|DD2FlameburstTowerT1Popper|5|;3824|DD2BallistraTowerT1Popper|5|;3828|DD2ElderCrystal|2500|;3829|DD2LightningAuraT1Popper|5|;3832|DD2ExplosiveTrapT1Popper|5|
588,NPCName.Golfer,Shop 22,3989|GolfBall|10000|;4040|GolfCup|10000|;4049|LawnMower|10000|;4083|GolfCupFlagWhite|2000|;4084|GolfCupFlagRed|2000|;4085|GolfCupFlagGreen|2000|;4086|GolfCupFlagBlue|2000|;4087|GolfCupFlagYellow|2000|;4088|GolfCupFlagPurple|2000|;4089|GolfTee|10000|;4095|GolfWhistle|100000|;4135|GolfHat|25000|;4136|GolfShirt|25000|;4137|GolfPants|25000|;4138|GolfVisor|25000|;4319|ArrowSign|2000|;4320|PaintedArrowSign|2000|;4587|GolfClubStoneIron|1000|;4588|GolfClubRustyPutter|1000|;4589|GolfClubBronzeWedge|1000|;4590|GolfClubWoodDriver|1000|
633,NPCName.BestiaryGirl,Shop 23,4560|BunnyEars|30000|;4672|BlandWhip|100000|bestiaryProgressReport.CompletionPercent >= 0.1f;4676|KiteKoi|20000|bestiaryProgressReport.CompletionPercent >= 0.1f;4677|KiteCrawltipede|20000|NPC.downedTowerSolar;4701|MudBud|500000|NPC.downedPlantBoss;4716|MolluskWhistle|200000|bestiaryProgressReport.CompletionPercent >= 0.25f;4735|BallOfFuseWire|500000|bestiaryProgressReport.CompletionPercent >= 0.7f;4736|FullMoonSqueakyToy|300000|Main.hardMode && Main.bloodMoon;4759|SquirrelHook|20000|;4762|CritterShampoo|100000|bestiaryProgressReport.CompletionPercent >= 0.3f;4763|DiggingMoleMinecart|500000|bestiaryProgressReport.CompletionPercent >= 0.35f;4765|TreeGlobe|30000|bestiaryProgressReport.CompletionPercent >= 0.5f;4766|WorldGlobe|30000|bestiaryProgressReport.CompletionPercent >= 0.5f;4767|DontHurtCrittersBook|50000|;4768|DogEars|30000|;4769|DogTail|30000|;4770|FoxEars|30000|;4771|FoxTail|30000|;4772|LizardEars|30000|;4773|LizardTail|30000|;4775|BunnyTail|30000|;4776|FairyGlowstick|75|BestiaryGirl_IsFairyTorchAvailable();4777|LightningCarrot|500000|bestiaryProgressReport.CompletionPercent >= 0.5f;4785|PaintedHorseSaddle|250000|bestiaryProgressReport.CompletionPercent >= 0.3f;4786|MajesticHorseSaddle|250000|bestiaryProgressReport.CompletionPercent >= 0.3f;4787|DarkHorseSaddle|250000|bestiaryProgressReport.CompletionPercent >= 0.3f;4788|JoustingLance|60000|bestiaryProgressReport.CompletionPercent >= 0.3f && Main.hardMode;4829|LicenseCat|50000|;4830|LicenseDog|50000|bestiaryProgressReport.CompletionPercent >= 0.25f;4871|VanityTreeSakuraSeed|10000|bestiaryProgressReport.CompletionPercent >= 0.3f;4907|VanityTreeYellowWillowSeed|10000|bestiaryProgressReport.CompletionPercent >= 0.3f;4910|LicenseBunny|50000|bestiaryProgressReport.CompletionPercent >= 0.45f;4951|TeleportationPylonVictory|1000000|bestiaryProgressReport.CompletionPercent >= 1f;4955|RabbitOrder|150000|bestiaryProgressReport.CompletionPercent >= 0.4f;5253|TheWerewolf|10000|Main.moonPhase == 0 && !Main.dayTime;5285|MoonGlobe|30000|bestiaryProgressReport.CompletionPercent >= 0.5f
663,NPCName.Princess,Shop 24,5071|RoyalTiara|500000|;5072|RoyalDressTop|500000|;5073|RoyalDressBottom|500000|;5076|RoyalScepter|1000000|;5077|GlassSlipper|1000000|;5078|PrinceUniform|500000|;5079|PrincePants|500000|;5080|PrinceCape|500000|;5081|PottedCrystalPlantFern|100000|;5082|PottedCrystalPlantSpiral|100000|;5083|PottedCrystalPlantTeardrop|100000|;5084|PottedCrystalPlantTree|100000|;5085|Princess64|100000|;5086|PaintingOfALass|100000|;5087|DarkSideHallow|100000|;5088|BerniePetItem|250000|;5222|SuspiciouslySparkly|100000|;5228|TerraBladeChronicles|100000|;5310|PrincessStyle|100000|
227,NPCName.Painter,Shop 25,1481|FirstEncounter|10000|!player.ZoneGraveyard&Main.moonPhase <= 1;1485|PlaceAbovetheClouds|10000|!player.ZoneGraveyard&(double)(player.position.Y / 16f) < Main.worldSurface * 0.3499999940395355;1490|Daylight|10000|!player.ZoneGraveyard;2008|FancyGreyWallpaper|75|;2009|IceFloeWallpaper|75|;2010|MusicWallpaper|75|;2011|PurpleRainWallpaper|75|;2012|RainbowWallpaper|75|;2013|SparkleStoneWallpaper|75|;2014|StarlitHeavenWallpaper|75|;2158|BubbleWallpaper|75|;2159|CopperPipeWallpaper|75|;2160|DuckyWallpaper|75|;5245|Purity|10000|player.ShoppingZone_Forest
